code,Name,net_shares_source,shares_check_reason,data_quality_flags,effective_yield
58170,ＪＭＡＣＳ,missing,shares_missing,shares_missing,
78850,タカノ,missing,shares_missing,shares_missing,
45030,アステラス製薬,missing,shares_missing,shares_missing; div_split_adjusted,
57070,東邦亜鉛,missing,shares_missing,shares_missing; div_split_adjusted,
45060,住友ファーマ,missing,shares_missing,shares_missing,
68400,ＡＫＩＢＡホールディングス,missing,shares_missing,shares_missing; div_history_short,
34440,菊池製作所,missing,shares_missing,shares_missing; div_split_adjusted,
42220,児玉化学工業,missing,shares_missing,shares_missing; div_history_short,
67400,ジャパンディスプレイ,missing,shares_missing,shares_missing; div_history_short,
98540,愛眼,missing,shares_missing,shares_missing,
51620,朝日ラバー,missing,shares_missing,shares_missing,
17230,日本電技,missing,shares_missing,shares_missing; div_split_adjusted,
64730,ジェイテクト,missing,shares_missing,shares_missing,
29620,テクニスコ,missing,shares_missing,shares_missing; div_history_short,
72560,河西工業,missing,shares_missing,shares_missing,
63840,昭和真空,missing,shares_missing,shares_missing,
64940,ＮＦＫホールディングス,missing,shares_missing,shares_missing; div_split_adjusted; div_history_short,
95360,西部ガスホールディングス,missing,shares_missing,shares_missing; div_split_adjusted,
78870,南海プライウッド,missing,shares_missing,shares_missing; div_split_adjusted,
63560,日本ギア工業,missing,shares_missing,shares_missing,
65920,マブチモーター,missing,shares_missing,shares_missing; div_split_adjusted,
50200,ＥＮＥＯＳホールディングス,missing,shares_missing,shares_missing,
63470,プラコー,missing,shares_missing,shares_missing; div_split_adjusted,
88300,住友不動産,missing,shares_missing,shares_missing; div_split_adjusted,
69990,ＫＯＡ,missing,shares_missing,shares_missing,
95320,大阪瓦斯,missing,shares_missing,shares_missing; div_split_adjusted,
83610,大垣共立銀行,missing,shares_missing,shares_missing; div_split_adjusted,
79010,マツモト,missing,shares_missing,shares_missing; div_split_adjusted,
38450,アイフリークモバイル,missing,shares_missing,shares_missing; div_split_adjusted; div_history_short,
63700,栗田工業,missing,shares_missing,shares_missing,
22640,森永乳業,missing,shares_missing,shares_missing; div_split_adjusted,
17580,太洋基礎工業,missing,shares_missing,shares_missing; div_split_adjusted,
19820,日比谷総合設備,missing,shares_missing,shares_missing,
98450,パーカーコーポレーション,missing,shares_missing,shares_missing; div_split_adjusted,
79460,光陽社,missing,shares_missing,shares_missing; div_split_adjusted; div_history_short; yield_total_fallback_dps,0.008032128514056224
46590,エイジス,missing,shares_missing,shares_missing; div_split_adjusted,
19520,新日本空調,missing,shares_missing,shares_missing; div_split_adjusted,
62350,オプトラン,missing,shares_missing,shares_missing,
34460,ジェイテックコーポレーション,missing,shares_missing,shares_missing; div_history_short,
26070,不二製油,missing,shares_missing,shares_missing,
49720,綜研化学,missing,shares_missing,shares_missing; div_split_adjusted,
40080,住友精化,missing,shares_missing,shares_missing; div_split_adjusted,
79660,リンテック,missing,shares_missing,shares_missing,
21080,日本甜菜製糖,missing,shares_missing,shares_missing; div_split_adjusted,
66250,ＪＡＬＣＯホールディングス,missing,shares_missing,shares_missing; div_split_adjusted; div_history_short,
97760,札幌臨床検査センター,missing,shares_missing,shares_missing; div_split_adjusted,
62470,日阪製作所,missing,shares_missing,shares_missing,
68440,新電元工業,missing,shares_missing,shares_missing; div_split_adjusted,
45280,小野薬品工業,missing,shares_missing,shares_missing; div_split_adjusted,
34650,ケイアイスター不動産,missing,shares_missing,shares_missing; div_split_adjusted,
77190,東京衡機,missing,shares_missing,shares_missing; div_history_short,
29030,シノブフーズ,missing,shares_missing,shares_missing,
72790,ハイレックスコーポレーション,missing,shares_missing,shares_missing,
98240,泉州電業,missing,shares_missing,shares_missing; div_split_adjusted,
72120,エフテック,missing,shares_missing,shares_missing,
46200,藤倉化成,missing,shares_missing,shares_missing,
81540,加賀電子,missing,shares_missing,shares_missing; div_split_adjusted,
59010,東洋製罐グループホールディングス,missing,shares_missing,shares_missing,
80010,伊藤忠商事,yfinance_corrected,shares_estimate_mismatch,div_split_adjusted; shares_estimate_mismatch,0.017846688492213054
93010,三菱倉庫,missing,shares_missing,shares_missing; div_split_adjusted,
63360,石井表記,missing,shares_missing,shares_missing,
43600,マナック・ケミカル・パートナーズ,missing,shares_missing,shares_missing; div_history_short,
54760,日本高周波鋼業,missing,shares_missing,shares_missing; div_split_adjusted,
68620,ミナトホールディングス,missing,shares_missing,shares_missing; div_split_adjusted,
42080,ＵＢＥ,missing,shares_missing,shares_missing; div_split_adjusted,
85220,名古屋銀行,missing,shares_missing,shares_missing; div_split_adjusted,
86240,いちよし証券,missing,shares_missing,shares_missing,
62580,平田機工,missing,shares_missing,shares_missing; div_split_adjusted,
40040,レゾナック・ホールディングス,missing,shares_missing,shares_missing; div_split_adjusted,
39020,メディカル・データ・ビジョン,missing,shares_missing,shares_missing; div_split_adjusted; div_history_short,
77800,メニコン,missing,shares_missing,shares_missing; div_split_adjusted,
99340,因幡電機産業,yfinance_corrected,shares_estimate_mismatch,div_split_adjusted; shares_estimate_mismatch,0.024453075811065417
31860,ネクステージ,missing,shares_missing,shares_missing; div_split_adjusted,
70220,サノヤスホールディングス,missing,shares_missing,shares_missing,
19390,四電工,missing,shares_missing,shares_missing; div_split_adjusted,
51950,バンドー化学,missing,shares_missing,shares_missing; div_split_adjusted,
90680,丸全昭和運輸,missing,shares_missing,shares_missing; div_split_adjusted,
74500,サンデー,missing,shares_missing,shares_missing,
41160,大日精化工業,missing,shares_missing,shares_missing; div_split_adjusted,
78000,アミファ,missing,shares_missing,shares_missing,
19650,テクノ菱和,missing,shares_missing,shares_missing; div_split_adjusted,
18480,富士ピー・エス,missing,shares_missing,shares_missing,
80320,日本紙パルプ商事,missing,shares_missing,shares_missing; div_split_adjusted,
35460,アレンザホールディングス,missing,shares_missing,shares_missing; div_split_adjusted,
89440,ランドビジネス,missing,shares_missing,shares_missing; div_split_adjusted,
63660,千代田化工建設,missing,shares_missing,shares_missing,
62680,ナブテスコ,missing,shares_missing,shares_missing; div_split_adjusted,
44640,ソフト９９コーポレーション,missing,shares_missing,shares_missing,
74550,パリミキホールディングス,missing,shares_missing,shares_missing,
87470,豊トラスティ証券,missing,shares_missing,shares_missing; div_split_adjusted,
40820,第一稀元素化学工業,missing,shares_missing,shares_missing; div_split_adjusted,
46350,東京インキ,missing,shares_missing,shares_missing; div_split_adjusted,
50170,富士石油,missing,shares_missing,shares_missing; div_split_adjusted; yield_total_fallback_dps,
62860,靜甲,missing,shares_missing,shares_missing,
68170,スミダコーポレーション,missing,shares_missing,shares_missing,
83080,りそなホールディングス,missing,shares_missing,shares_missing; div_split_adjusted,
18100,松井建設,missing,shares_missing,shares_missing,
22920,Ｓ　Ｆｏｏｄｓ,missing,shares_missing,shares_missing,
15150,日鉄鉱業,missing,shares_missing,shares_missing; div_split_adjusted,
84730,ＳＢＩホールディングス,yfinance_corrected,shares_estimate_mismatch,div_split_adjusted; shares_estimate_mismatch,0.02363753632084162
90670,丸運,missing,shares_missing,shares_missing,
63070,サンセイ,missing,shares_missing,shares_missing,
76100,テイツー,missing,shares_missing,shares_missing; div_split_adjusted,
24370,Ｓｈｉｎｗａ　Ｗｉｓｅ　Ｈｏｌｄｉｎｇｓ,missing,shares_missing,shares_missing; div_split_adjusted,
89950,誠建設工業,missing,shares_missing,shares_missing; div_split_adjusted,
42280,積水化成品工業,missing,shares_missing,shares_missing; div_split_adjusted,
59730,トーアミ,missing,shares_missing,shares_missing,
66260,ＳＥＭＩＴＥＣ,missing,shares_missing,shares_missing; div_split_adjusted,
41000,戸田工業,missing,shares_missing,shares_missing; div_split_adjusted,
93030,住友倉庫,missing,shares_missing,shares_missing; div_split_adjusted,
45520,ＪＣＲファーマ,missing,shares_missing,shares_missing; div_split_adjusted,
19510,エクシオグループ,missing,shares_missing,shares_missing; div_split_adjusted,
71800,九州フィナンシャルグループ,missing,shares_missing,shares_missing,
66640,オプトエレクトロニクス,missing,shares_missing,shares_missing,
61460,ディスコ,missing,shares_missing,shares_missing; div_split_adjusted,
34490,テクノフレックス,missing,shares_missing,shares_missing,
70180,内海造船,missing,shares_missing,shares_missing; div_split_adjusted,
57150,古河機械金属,missing,shares_missing,shares_missing; div_split_adjusted,
69550,ＦＤＫ,missing,shares_missing,shares_missing; div_history_short,
73840,プロクレアホールディングス,missing,shares_missing,shares_missing; div_history_short,
61780,日本郵政,missing,shares_missing,shares_missing,
41820,三菱瓦斯化学,missing,shares_missing,shares_missing; div_split_adjusted,
43470,ブロードメディア,missing,shares_missing,shares_missing; div_split_adjusted,
40470,関東電化工業,missing,shares_missing,shares_missing,
16620,石油資源開発,missing,shares_missing,shares_missing; div_split_adjusted,
35120,日本フエルト,missing,shares_missing,shares_missing,
83870,四国銀行,missing,shares_missing,shares_missing; div_split_adjusted,
41090,ステラ　ケミファ,missing,shares_missing,shares_missing,
82370,松屋,missing,shares_missing,shares_missing,
77440,ノーリツ鋼機,missing,shares_missing,shares_missing; div_split_adjusted,
62170,津田駒工業,missing,shares_missing,shares_missing; div_split_adjusted; div_history_short,
80200,兼松,missing,shares_missing,shares_missing; div_split_adjusted,
69690,松尾電機,missing,shares_missing,shares_missing; div_split_adjusted,
83650,富山銀行,missing,shares_missing,shares_missing; div_split_adjusted,
86160,東海東京フィナンシャル・ホールディングス,missing,shares_missing,shares_missing,
75010,ティムコ,missing,shares_missing,shares_missing,
63610,荏原製作所,missing,shares_missing,shares_missing; div_split_adjusted,
76250,グローバルダイニング,missing,shares_missing,shares_missing,
19610,三機工業,missing,shares_missing,shares_missing,
18110,錢高組,missing,shares_missing,shares_missing; div_split_adjusted,
94760,中央経済社ホールディングス,missing,shares_missing,shares_missing,
49730,日本高純度化学,missing,shares_missing,shares_missing; div_split_adjusted,
73810,ＣＣＩグループ,missing,shares_missing,shares_missing; div_split_adjusted; div_history_short,
37410,セック,missing,shares_missing,shares_missing; div_split_adjusted,
40630,信越化学工業,missing,shares_missing,shares_missing; div_split_adjusted,
48850,室町ケミカル,missing,shares_missing,shares_missing; div_history_short,
97080,帝国ホテル,missing,shares_missing,shares_missing; div_split_adjusted,
52870,イトーヨーギョー,missing,shares_missing,shares_missing,
57410,ＵＡＣＪ,missing,shares_missing,shares_missing; div_split_adjusted,
66160,トレックス・セミコンダクター,missing,shares_missing,shares_missing; div_split_adjusted,
59760,高周波熱錬,missing,shares_missing,shares_missing,
40400,南海化学,missing,shares_missing,shares_missing; div_history_short,
50190,出光興産,missing,shares_missing,shares_missing; div_split_adjusted,
97420,アイネス,missing,shares_missing,shares_missing,
87050,日産証券グループ,missing,shares_missing,shares_missing,
95070,四国電力,missing,shares_missing,shares_missing,
18020,大林組,missing,shares_missing,shares_missing,
72360,ティラド,missing,shares_missing,shares_missing; div_split_adjusted,
67340,ニューテック,missing,shares_missing,shares_missing,
69980,日本タングステン,missing,shares_missing,shares_missing; div_split_adjusted,
13330,マルハニチロ,yfinance_corrected,shares_estimate_mismatch,div_split_adjusted; shares_estimate_mismatch,0.023115485945493536
60180,阪神内燃機工業,missing,shares_missing,shares_missing; div_split_adjusted,
46110,大日本塗料,missing,shares_missing,shares_missing; div_split_adjusted,
95130,電源開発,missing,shares_missing,shares_missing; div_split_adjusted,
19460,トーエネック,missing,shares_missing,shares_missing; div_split_adjusted,
68380,多摩川ホールディングス,missing,shares_missing,shares_missing; div_split_adjusted,
60420,ニッキ,missing,shares_missing,shares_missing; div_split_adjusted,
54910,日本金属,missing,shares_missing,shares_missing; div_split_adjusted; div_history_short,
68750,メガチップス,missing,shares_missing,shares_missing,
82670,イオン,missing,shares_missing,shares_missing; div_split_adjusted,
46260,太陽ホールディングス,missing,shares_missing,shares_missing; div_split_adjusted,
22860,林兼産業,missing,shares_missing,shares_missing; div_split_adjusted,
42200,リケンテクノス,missing,shares_missing,shares_missing,
42880,アズジェント,missing,shares_missing,shares_missing; div_split_adjusted,
82260,理経,missing,shares_missing,shares_missing,
74830,ドウシシャ,missing,shares_missing,shares_missing; div_split_adjusted,
59940,ファインシンター,missing,shares_missing,shares_missing; div_split_adjusted,
17200,東急建設,missing,shares_missing,shares_missing; div_split_adjusted,
52820,ジオスター,missing,shares_missing,shares_missing,
18600,戸田建設,missing,shares_missing,shares_missing,
62890,技研製作所,missing,shares_missing,shares_missing,
83700,紀陽銀行,missing,shares_missing,shares_missing; div_split_adjusted,
68820,三社電機製作所,missing,shares_missing,shares_missing,
62380,フリュー,missing,shares_missing,shares_missing; div_split_adjusted,
63100,井関農機,missing,shares_missing,shares_missing; div_split_adjusted,
79490,小松ウオール工業,missing,shares_missing,shares_missing; div_split_adjusted,
73270,第四北越フィナンシャルグループ,missing,shares_missing,shares_missing; div_split_adjusted,
19670,ヤマト,missing,shares_missing,shares_missing,
33150,日本コークス工業,missing,shares_missing,shares_missing,
63240,ハーモニック・ドライブ・システムズ,missing,shares_missing,shares_missing; div_split_adjusted,
47200,城南進学研究社,missing,shares_missing,shares_missing,
28840,ヨシムラ・フード・ホールディングス,missing,shares_missing,shares_missing; div_history_short,
79110,ＴＯＰＰＡＮホールディングス,missing,shares_missing,shares_missing; div_split_adjusted,
17360,オーテック,missing,shares_missing,shares_missing; div_split_adjusted,
36110,マツオカコーポレーション,missing,shares_missing,shares_missing,
21120,塩水港精糖,missing,shares_missing,shares_missing,
65080,明電舎,missing,shares_missing,shares_missing; div_split_adjusted,
95090,北海道電力,missing,shares_missing,shares_missing,
53510,品川リフラ,missing,shares_missing,shares_missing; div_split_adjusted,
45780,大塚ホールディングス,missing,shares_missing,shares_missing,
85580,東和銀行,missing,shares_missing,shares_missing; div_split_adjusted,
68220,大井電気,missing,shares_missing,shares_missing; div_split_adjusted,
74620,ＣＡＰＩＴＡ,missing,shares_missing,shares_missing; div_split_adjusted,
25010,サッポロホールディングス,missing,shares_missing,shares_missing; div_split_adjusted,
19600,サンテック,missing,shares_missing,shares_missing,
68320,アオイ電子,missing,shares_missing,shares_missing,
69620,大真空,missing,shares_missing,shares_missing; div_split_adjusted,
21220,インタースペース,missing,shares_missing,shares_missing; div_split_adjusted,
56120,日本鋳鉄管,missing,shares_missing,shares_missing; div_split_adjusted,
70110,三菱重工業,missing,shares_missing,shares_missing; div_split_adjusted,
14180,インターライフホールディングス,missing,shares_missing,shares_missing,
92790,ギフトホールディングス,missing,shares_missing,shares_missing; div_split_adjusted,
76980,アイスコ,missing,shares_missing,shares_missing; div_split_adjusted; div_history_short,
17620,高松コンストラクショングループ,missing,shares_missing,shares_missing; div_split_adjusted,
63280,荏原実業,missing,shares_missing,shares_missing; div_split_adjusted,
63490,小森コーポレーション,missing,shares_missing,shares_missing,
98200,エムティジェネックス,missing,shares_missing,shares_missing; div_split_adjusted,
39180,ＰＣＩホールディングス,missing,shares_missing,shares_missing; div_split_adjusted,
14330,ベステラ,missing,shares_missing,shares_missing; div_split_adjusted,
34350,サンコーテクノ,missing,shares_missing,shares_missing; div_split_adjusted; fcf_payout_extreme:16.71,
45530,東和薬品,missing,shares_missing,shares_missing; div_split_adjusted,
90650,山九,missing,shares_missing,shares_missing; div_split_adjusted,
24920,インフォマート,missing,shares_missing,shares_missing; div_split_adjusted; fcf_payout_extreme:18.58,
65160,山洋電気,missing,shares_missing,shares_missing; div_split_adjusted,
19040,大成温調,missing,shares_missing,shares_missing; div_split_adjusted,
19290,日特建設,missing,shares_missing,shares_missing; div_split_adjusted,
71830,あんしん保証,missing,shares_missing,shares_missing; div_split_adjusted,
51420,アキレス,missing,shares_missing,shares_missing; div_split_adjusted,
19450,東京エネシス,missing,shares_missing,shares_missing,
19970,暁飯島工業,missing,shares_missing,shares_missing; div_split_adjusted,
35510,ダイニック,missing,shares_missing,shares_missing; div_split_adjusted,
17880,三東工業社,missing,shares_missing,shares_missing; div_split_adjusted; yield_total_fallback_dps,0.018656716417910446
72400,ＮＯＫ,missing,shares_missing,shares_missing,
60930,エスクロー・エージェント・ジャパン,missing,shares_missing,shares_missing; div_split_adjusted,
95370,北陸瓦斯,missing,shares_missing,shares_missing; div_split_adjusted,
89180,ランド,missing,shares_missing,shares_missing; div_split_adjusted; div_history_short,
38610,王子ホールディングス,missing,shares_missing,shares_missing,
76000,日本エム・ディ・エム,missing,shares_missing,shares_missing,
45070,塩野義製薬,missing,shares_missing,shares_missing; div_split_adjusted,
63090,巴工業,missing,shares_missing,shares_missing; div_split_adjusted,
39740,ＳＣＡＴ,missing,shares_missing,shares_missing; div_split_adjusted,
95310,東京瓦斯,missing,shares_missing,shares_missing; div_split_adjusted,
19410,中電工,missing,shares_missing,shares_missing,
57020,大紀アルミニウム工業所,missing,shares_missing,shares_missing,
64280,オーイズミ,missing,shares_missing,shares_missing; div_split_adjusted,
72140,ＧＭＢ,missing,shares_missing,shares_missing,
27840,アルフレッサ　ホールディングス,missing,shares_missing,shares_missing; div_split_adjusted,
45480,生化学工業,missing,shares_missing,shares_missing; div_split_adjusted,
40050,住友化学,missing,shares_missing,shares_missing,
42420,タカギセイコー,missing,shares_missing,shares_missing; div_split_adjusted,
44400,ヴィッツ,missing,shares_missing,shares_missing; div_split_adjusted,
34010,帝人,missing,shares_missing,shares_missing; div_split_adjusted,
59920,中央発條,missing,shares_missing,shares_missing; div_split_adjusted,
26020,日清オイリオグループ,missing,shares_missing,shares_missing; div_split_adjusted,
72590,アイシン,missing,shares_missing,shares_missing; div_split_adjusted,
63630,酉島製作所,missing,shares_missing,shares_missing,
62180,エンシュウ,missing,shares_missing,shares_missing; div_split_adjusted,
72760,小糸製作所,missing,shares_missing,shares_missing; div_split_adjusted,
86220,水戸証券,missing,shares_missing,shares_missing,
19640,中外炉工業,missing,shares_missing,shares_missing; div_split_adjusted,
85700,イオンフィナンシャルサービス,missing,shares_missing,shares_missing; div_split_adjusted,
43690,トリケミカル研究所,missing,shares_missing,shares_missing; div_split_adjusted,
71500,島根銀行,missing,shares_missing,shares_missing,
19790,大氣社,missing,shares_missing,shares_missing; div_split_adjusted,
81270,ヤマトインターナショナル,missing,shares_missing,shares_missing,
91930,東京汽船,missing,shares_missing,shares_missing,
56990,イボキン,missing,shares_missing,shares_missing; div_split_adjusted,
31230,サイボー,missing,shares_missing,shares_missing,
90720,ニッコンホールディングス,missing,shares_missing,shares_missing; div_split_adjusted,
18870,日本国土開発,missing,shares_missing,shares_missing,
19690,高砂熱学工業,missing,shares_missing,shares_missing; div_split_adjusted,
28020,味の素,missing,shares_missing,shares_missing; div_split_adjusted,
48280,ビジネスエンジニアリング,missing,shares_missing,shares_missing; div_split_adjusted,
72380,曙ブレーキ工業,missing,shares_missing,shares_missing,
75200,エコス,missing,shares_missing,shares_missing,
85110,日本証券金融,missing,shares_missing,shares_missing,
82180,コメリ,missing,shares_missing,shares_missing,
80110,三陽商会,missing,shares_missing,shares_missing; div_split_adjusted,
59900,スーパーツール,missing,shares_missing,shares_missing; div_split_adjusted,
68100,マクセル,missing,shares_missing,shares_missing,
56020,栗本鐵工所,missing,shares_missing,shares_missing; div_split_adjusted,
38780,巴川コーポレーション,missing,shares_missing,shares_missing; div_split_adjusted,
82530,クレディセゾン,missing,shares_missing,shares_missing,
69010,澤藤電機,missing,shares_missing,shares_missing; div_split_adjusted,
97290,トーカイ,missing,shares_missing,shares_missing; div_split_adjusted,
50210,コスモエネルギーホールディングス,missing,shares_missing,shares_missing; div_split_adjusted,
27300,エディオン,missing,shares_missing,shares_missing,
70040,カナデビア,missing,shares_missing,shares_missing; div_split_adjusted,
61030,オークマ,missing,shares_missing,shares_missing; div_split_adjusted,
90440,南海電気鉄道,missing,shares_missing,shares_missing; div_split_adjusted,
93040,澁澤倉庫,missing,shares_missing,shares_missing; div_split_adjusted,
76060,ユナイテッドアローズ,missing,shares_missing,shares_missing; div_split_adjusted,
72260,極東開発工業,missing,shares_missing,shares_missing; div_split_adjusted,
76700,オーウエル,missing,shares_missing,shares_missing,
69070,ジオマテック,missing,shares_missing,shares_missing,
94750,昭文社ホールディングス,missing,shares_missing,shares_missing,
49180,アイビー化粧品,missing,shares_missing,shares_missing; div_split_adjusted,
60890,ウィルグループ,missing,shares_missing,shares_missing; div_split_adjusted,
76490,スギホールディングス,missing,shares_missing,shares_missing; div_split_adjusted,
39430,大石産業,missing,shares_missing,shares_missing; div_split_adjusted; div_history_short,
38480,データ・アプリケーション,missing,shares_missing,shares_missing; div_split_adjusted,
77310,ニコン,missing,shares_missing,shares_missing,
87930,ＮＥＣキャピタルソリューション,missing,shares_missing,shares_missing,
63380,タカトリ,missing,shares_missing,shares_missing,
46730,川崎地質,missing,shares_missing,shares_missing; div_split_adjusted,
87890,フィンテック　グローバル,missing,shares_missing,shares_missing; div_split_adjusted,
59330,アルインコ,missing,shares_missing,shares_missing,
63350,東京機械製作所,missing,shares_missing,shares_missing; div_split_adjusted; div_history_short,
52160,倉元製作所,missing,shares_missing,shares_missing; div_history_short,
59150,駒井ハルテック,missing,shares_missing,shares_missing; div_split_adjusted,
22070,ｍｅｉｔｏ,missing,shares_missing,shares_missing,
17830,ｆａｎｔａｓｉｓｔａ,missing,shares_missing,shares_missing; div_history_short,
42490,森六,missing,shares_missing,shares_missing,
62660,タツモ,missing,shares_missing,shares_missing; div_split_adjusted,
19760,明星工業,missing,shares_missing,shares_missing,
35930,ホギメディカル,missing,shares_missing,shares_missing; div_split_adjusted,
51330,テリロジーホールディングス,missing,shares_missing,shares_missing; div_history_short,
79360,アシックス,missing,shares_missing,shares_missing; div_split_adjusted,
59430,ノーリツ,missing,shares_missing,shares_missing,
98490,共同紙販ホールディングス,missing,shares_missing,shares_missing; div_split_adjusted,
52500,プライム・ストラテジー,missing,shares_missing,shares_missing; div_history_short,
18200,西松建設,missing,shares_missing,shares_missing; div_split_adjusted,
37960,いい生活,missing,shares_missing,shares_missing; div_split_adjusted,
68640,エヌエフホールディングス,missing,shares_missing,shares_missing,
89170,ファースト住建,missing,shares_missing,shares_missing; div_split_adjusted,
58520,アーレスティ,missing,shares_missing,shares_missing,
22960,伊藤ハム米久ホールディングス,missing,shares_missing,shares_missing; div_split_adjusted,
59820,マルゼン,missing,shares_missing,shares_missing,
15180,三井松島ホールディングス,missing,shares_missing,shares_missing; div_split_adjusted,
54580,高砂鐵工,missing,shares_missing,shares_missing; div_split_adjusted,
66140,シキノハイテック,missing,shares_missing,shares_missing; div_history_short,
62540,野村マイクロ・サイエンス,missing,shares_missing,shares_missing; div_split_adjusted,
63390,新東工業,missing,shares_missing,shares_missing,
73540,ダイレクトマーケティングミックス,missing,shares_missing,shares_missing; div_split_adjusted,
30790,ディーブイエックス,missing,shares_missing,shares_missing; div_split_adjusted; fcf_payout_extreme:11.12,
37500,ＡＤＲ１２０Ｓ,missing,shares_missing,shares_missing; div_split_adjusted; div_history_short,
34470,信和,missing,shares_missing,shares_missing,
80700,東京産業,missing,shares_missing,shares_missing,
52320,住友大阪セメント,missing,shares_missing,shares_missing; div_split_adjusted,
32770,サンセイランディック,missing,shares_missing,shares_missing,
75950,アルゴグラフィックス,missing,shares_missing,shares_missing; div_split_adjusted,
96860,東洋テック,missing,shares_missing,shares_missing,
91470,ＮＩＰＰＯＮ　ＥＸＰＲＥＳＳホールディングス,missing,shares_missing,shares_missing; div_split_adjusted; div_history_short,
96350,武蔵野興業,missing,shares_missing,shares_missing; div_history_short,
34230,エスイー,missing,shares_missing,shares_missing; div_split_adjusted,
98350,ジュンテンドー,missing,shares_missing,shares_missing; div_split_adjusted,
54630,丸一鋼管,missing,shares_missing,shares_missing; div_split_adjusted,
78980,ウッドワン,missing,shares_missing,shares_missing; div_split_adjusted,
71750,今村証券,missing,shares_missing,shares_missing; div_split_adjusted,
32040,トーア紡コーポレーション,missing,shares_missing,shares_missing; div_split_adjusted,
72780,エクセディ,missing,shares_missing,shares_missing,
59280,アルメタックス,missing,shares_missing,shares_missing,
26530,イオン九州,missing,shares_missing,shares_missing,
72470,ミクニ,missing,shares_missing,shares_missing,
35010,ＳＵＭＩＮＯＥ,missing,shares_missing,shares_missing; div_split_adjusted; fcf_payout_extreme:18.24,
85720,アコム,missing,shares_missing,shares_missing; div_split_adjusted,
50790,ノバック,missing,shares_missing,shares_missing; div_history_short,
77300,マニー,missing,shares_missing,shares_missing; div_split_adjusted,
30770,ホリイフードサービス,missing,shares_missing,shares_missing; div_split_adjusted,
61450,ＮＩＴＴＯＫＵ,missing,shares_missing,shares_missing,
18440,大盛工業,missing,shares_missing,shares_missing; div_split_adjusted,
48290,日本エンタープライズ,missing,shares_missing,shares_missing; div_split_adjusted,
86280,松井証券,missing,shares_missing,shares_missing; div_split_adjusted,
86130,丸三証券,missing,shares_missing,shares_missing,
96510,日本プロセス,missing,shares_missing,shares_missing; div_split_adjusted,
44940,バリオセキュア,missing,shares_missing,shares_missing; div_history_short,
90100,富士急行,missing,shares_missing,shares_missing; div_split_adjusted,
98780,セキド,missing,shares_missing,shares_missing; div_split_adjusted,
18070,佐藤渡辺,missing,shares_missing,shares_missing; div_split_adjusted,
52620,日本ヒューム,missing,shares_missing,shares_missing; div_split_adjusted,
33170,フライングガーデン,missing,shares_missing,shares_missing; div_split_adjusted,
74430,横浜魚類,missing,shares_missing,shares_missing,
65430,日宣,missing,shares_missing,shares_missing; div_split_adjusted,
21460,ＵＴグループ,missing,shares_missing,shares_missing; div_split_adjusted,
34750,グッドコムアセット,missing,shares_missing,shares_missing; div_split_adjusted,
38770,中越パルプ工業,missing,shares_missing,shares_missing; div_split_adjusted,
22240,コモ,missing,shares_missing,shares_missing,
62300,ＳＡＮＥＩ,missing,shares_missing,shares_missing; div_split_adjusted; div_history_short,
42160,旭有機材,missing,shares_missing,shares_missing; div_split_adjusted,
49020,コニカミノルタ,missing,shares_missing,shares_missing,
77430,シード,missing,shares_missing,shares_missing; div_split_adjusted,
28100,ハウス食品グループ本社,missing,shares_missing,shares_missing,
79810,タカラスタンダード,missing,shares_missing,shares_missing; div_split_adjusted,
96390,三協フロンテア,missing,shares_missing,shares_missing; div_split_adjusted,
97060,日本空港ビルデング,missing,shares_missing,shares_missing,
21680,パソナグループ,missing,shares_missing,shares_missing; div_split_adjusted,
46570,環境管理センター,missing,shares_missing,shares_missing,
14140,ショーボンドホールディングス,yfinance_corrected,shares_estimate_mismatch,div_split_adjusted; shares_estimate_mismatch,0.030021246919962583
45950,ミズホメディー,missing,shares_missing,shares_missing; div_split_adjusted,
96210,建設技術研究所,missing,shares_missing,shares_missing; div_split_adjusted,
74420,中山福,missing,shares_missing,shares_missing,
59410,中西製作所,missing,shares_missing,shares_missing,
78560,萩原工業,missing,shares_missing,shares_missing; div_split_adjusted,
60740,ジェイエスエス,missing,shares_missing,shares_missing; div_split_adjusted,
59110,横河ブリッジホールディングス,missing,shares_missing,shares_missing,
69880,日東電工,missing,shares_missing,shares_missing; div_split_adjusted,
43180,クイック,missing,shares_missing,shares_missing; div_split_adjusted,
32420,アーバネットコーポレーション,missing,shares_missing,shares_missing; div_split_adjusted,
18970,金下建設,missing,shares_missing,shares_missing; div_split_adjusted,
21850,シイエム・シイ,missing,shares_missing,shares_missing; div_split_adjusted,
37870,テクノマセマティカル,missing,shares_missing,shares_missing; div_history_short,
43670,広栄化学,missing,shares_missing,shares_missing; div_split_adjusted,
70440,ピアラ,missing,shares_missing,shares_missing; div_split_adjusted; div_history_short,
37680,リスクモンスター,missing,shares_missing,shares_missing; div_split_adjusted,
22880,丸大食品,missing,shares_missing,shares_missing; div_split_adjusted,
95040,中国電力,missing,shares_missing,shares_missing,
60540,リブセンス,missing,shares_missing,shares_missing; div_history_short,
61570,日進工具,missing,shares_missing,shares_missing; div_split_adjusted,
87060,極東証券,missing,shares_missing,shares_missing,
76040,梅の花グループ,missing,shares_missing,shares_missing; div_split_adjusted,
17760,三井住建道路,missing,shares_missing,shares_missing; div_split_adjusted,
33200,クロスプラス,missing,shares_missing,shares_missing,
72150,ファルテック,missing,shares_missing,shares_missing; div_split_adjusted,
97190,ＳＣＳＫ,missing,shares_missing,shares_missing; div_split_adjusted,
75540,幸楽苑,missing,shares_missing,shares_missing; div_split_adjusted,
62450,ヒラノテクシード,missing,shares_missing,shares_missing,
19940,高橋カーテンウォール工業,missing,shares_missing,shares_missing,
90170,新潟交通,missing,shares_missing,shares_missing; div_split_adjusted; div_history_short,
37660,システムズ・デザイン,missing,shares_missing,shares_missing,
89140,エリアリンク,missing,shares_missing,shares_missing; div_split_adjusted,
30110,バナーズ,missing,shares_missing,shares_missing; div_split_adjusted,
26540,アスモ,missing,shares_missing,shares_missing; div_split_adjusted,
78720,エステールホールディングス,missing,shares_missing,shares_missing,
46780,秀英予備校,missing,shares_missing,shares_missing,
53520,黒崎播磨,missing,shares_missing,shares_missing; div_split_adjusted,
38420,ネクストジェン,missing,shares_missing,shares_missing; div_split_adjusted,
59520,アマテイ,missing,shares_missing,shares_missing,
92160,ビーウィズ,missing,shares_missing,shares_missing; div_history_short,
75440,スリーエフ,missing,shares_missing,shares_missing,
99870,スズケン,missing,shares_missing,shares_missing; div_split_adjusted,
59230,高田機工,missing,shares_missing,shares_missing; div_split_adjusted,
65400,船場,missing,shares_missing,shares_missing,
17160,第一カッター興業,missing,shares_missing,shares_missing; div_split_adjusted,
92010,日本航空,missing,shares_missing,shares_missing; div_split_adjusted,
82300,はせがわ,missing,shares_missing,shares_missing,
72640,ムロコーポレーション,missing,shares_missing,shares_missing,
79210,ＴＡＫＡＲＡ　＆　ＣＯＭＰＡＮＹ,missing,shares_missing,shares_missing,
77250,インターアクション,missing,shares_missing,shares_missing; div_split_adjusted,
39280,マイネット,missing,shares_missing,shares_missing; div_split_adjusted; div_history_short,
72010,日産自動車,missing,shares_missing,shares_missing,
97990,旭情報サービス,missing,shares_missing,shares_missing; div_split_adjusted,
89450,サンネクスタグループ,missing,shares_missing,shares_missing; div_split_adjusted,
75780,ニチリョク,missing,shares_missing,shares_missing; div_split_adjusted,
72970,カーメイト,missing,shares_missing,shares_missing,
69420,ソフィアホールディングス,missing,shares_missing,shares_missing; div_history_short,
61850,ＳＭＮ,missing,shares_missing,shares_missing; div_history_short,
97310,白洋舎,missing,shares_missing,shares_missing; div_split_adjusted,
27640,ひらまつ,missing,shares_missing,shares_missing; div_split_adjusted,
97350,セコム,missing,shares_missing,shares_missing; div_split_adjusted,
37470,インタートレード,missing,shares_missing,shares_missing; div_split_adjusted; div_history_short,
63580,酒井重工業,missing,shares_missing,shares_missing; div_split_adjusted,
62790,瑞光,missing,shares_missing,shares_missing; div_split_adjusted,
34540,ファーストブラザーズ,missing,shares_missing,shares_missing; div_split_adjusted,
99460,ミニストップ,missing,shares_missing,shares_missing,
59590,岡部,missing,shares_missing,shares_missing,
80130,ナイガイ,missing,shares_missing,shares_missing; div_history_short,
68980,トミタ電機,missing,shares_missing,shares_missing; div_history_short,
71980,ＳＢＩアルヒ,missing,shares_missing,shares_missing,
52830,高見澤,missing,shares_missing,shares_missing; div_split_adjusted,
21090,ＤＭ三井製糖,missing,shares_missing,shares_missing; div_split_adjusted,
30830,スターシーズ,missing,shares_missing,shares_missing; div_split_adjusted; div_history_short,
74130,創健社,missing,shares_missing,shares_missing; div_split_adjusted; yield_total_fallback_dps,0.007000350017500875
23410,アルバイトタイムス,missing,shares_missing,shares_missing; div_split_adjusted,
35240,日東製網,missing,shares_missing,shares_missing; div_split_adjusted,
82890,Ｏｌｙｍｐｉｃグループ,missing,shares_missing,shares_missing,
76280,オーハシテクニカ,missing,shares_missing,shares_missing; div_split_adjusted,
66330,ＣＧＳホールディングス,missing,shares_missing,shares_missing,
94660,アイドママーケティングコミュニケーション,missing,shares_missing,shares_missing; div_split_adjusted,
81310,ミツウロコグループホールディングス,missing,shares_missing,shares_missing,
45690,杏林製薬,missing,shares_missing,shares_missing; div_split_adjusted,
69770,日本抵抗器製作所,missing,shares_missing,shares_missing; div_split_adjusted,
82190,青山商事,missing,shares_missing,shares_missing,
18400,土屋ホールディングス,missing,shares_missing,shares_missing,
73130,テイ・エス　テック,missing,shares_missing,shares_missing; div_split_adjusted,
95010,東京電力ホールディングス,missing,shares_missing,shares_missing,
81230,川辺,missing,shares_missing,shares_missing; div_split_adjusted,
78200,ニホンフラッシュ,missing,shares_missing,shares_missing; div_split_adjusted,
95350,広島ガス,missing,shares_missing,shares_missing,
74160,はるやまホールディングス,missing,shares_missing,shares_missing,
27780,パレモ・ホールディングス,missing,shares_missing,shares_missing,
89460,ＡＳＩＡＮ　ＳＴＡＲ,missing,shares_missing,shares_missing; div_history_short,
27210,ジェイホールディングス,missing,shares_missing,shares_missing; div_history_short,
29840,ヤマイチエステート,missing,shares_missing,shares_missing; div_history_short,
13830,ベルグアース,missing,shares_missing,shares_missing,
64200,ガリレイ,missing,shares_missing,shares_missing; div_split_adjusted,
29230,サトウ食品,missing,shares_missing,shares_missing; div_split_adjusted,
74190,ノジマ,missing,shares_missing,shares_missing; div_split_adjusted,
61560,エーワン精密,missing,shares_missing,shares_missing; div_split_adjusted,
70300,スプリックス,missing,shares_missing,shares_missing,
39810,ビーグリー,missing,shares_missing,shares_missing; div_history_short,
77180,スター精密,missing,shares_missing,shares_missing,
45740,大幸薬品,missing,shares_missing,shares_missing; div_split_adjusted,
46120,日本ペイントホールディングス,missing,shares_missing,shares_missing; div_split_adjusted,
72730,イクヨ,missing,shares_missing,shares_missing; div_split_adjusted,
62910,日本エアーテック,missing,shares_missing,shares_missing,
45210,科研製薬,missing,shares_missing,shares_missing; div_split_adjusted,
94010,ＴＢＳホールディングス,missing,shares_missing,shares_missing,
87080,アイザワ証券グループ,missing,shares_missing,shares_missing,
99720,アルテック,missing,shares_missing,shares_missing,
44060,新日本理化,missing,shares_missing,shares_missing; div_history_short,
89270,明豊エンタープライズ,missing,shares_missing,shares_missing; div_split_adjusted,
39500,ザ・パック,missing,shares_missing,shares_missing; div_split_adjusted,
88480,レオパレス２１,missing,shares_missing,shares_missing,
22150,第一屋製パン,missing,shares_missing,shares_missing; div_history_short,
77090,クボテック,missing,shares_missing,shares_missing; div_history_short,
80080,ヨンドシーホールディングス,missing,shares_missing,shares_missing,
31090,シキボウ,missing,shares_missing,shares_missing; div_split_adjusted,
84240,芙蓉総合リース,missing,shares_missing,shares_missing; div_split_adjusted,
28200,やまみ,missing,shares_missing,shares_missing,
76780,あさくま,missing,shares_missing,shares_missing; div_history_short,
91430,ＳＧホールディングス,missing,shares_missing,shares_missing; div_split_adjusted,
18530,森組,missing,shares_missing,shares_missing,
74870,小津産業,missing,shares_missing,shares_missing,
33530,メディカル一光グループ,missing,shares_missing,shares_missing; div_split_adjusted,
24850,ティア,missing,shares_missing,shares_missing; div_split_adjusted,
79900,グローブライド,missing,shares_missing,shares_missing; div_split_adjusted,
80250,ツカモトコーポレーション,missing,shares_missing,shares_missing; div_split_adjusted,
63510,鶴見製作所,missing,shares_missing,shares_missing; div_split_adjusted,
73990,ナンシン,missing,shares_missing,shares_missing,
81320,シナネンホールディングス,missing,shares_missing,shares_missing; div_split_adjusted,
18220,大豊建設,missing,shares_missing,shares_missing; div_split_adjusted,
39650,キャピタル・アセット・プランニング,missing,shares_missing,shares_missing; div_split_adjusted,
35380,ウイルプラスホールディングス,missing,shares_missing,shares_missing; div_split_adjusted,
47050,クリップコーポレーション,missing,shares_missing,shares_missing; div_split_adjusted,
21560,セーラー広告,missing,shares_missing,shares_missing,
73580,ポピンズ,missing,shares_missing,shares_missing,
54610,中部鋼鈑,missing,shares_missing,shares_missing; div_history_short,
39400,ノムラシステムコーポレーション,missing,shares_missing,shares_missing; div_split_adjusted,
81600,木曽路,missing,shares_missing,shares_missing,
72720,ヤマハ発動機,missing,shares_missing,shares_missing; div_split_adjusted,
18980,世紀東急工業,missing,shares_missing,shares_missing; div_split_adjusted,
27470,北雄ラッキー,missing,shares_missing,shares_missing; div_split_adjusted,
80950,アステナホールディングス,missing,shares_missing,shares_missing,
96630,ナガワ,missing,shares_missing,shares_missing,
22200,亀田製菓,missing,shares_missing,shares_missing,
21860,ソーバル,missing,shares_missing,shares_missing; div_split_adjusted,
46760,フジ・メディア・ホールディングス,missing,shares_missing,shares_missing; div_split_adjusted,
78600,エイベックス,missing,shares_missing,shares_missing; div_split_adjusted,
90730,京極運輸商事,missing,shares_missing,shares_missing,
43820,ＨＥＲＯＺ,missing,shares_missing,shares_missing; div_history_short,
66620,ユビテック,missing,shares_missing,shares_missing; div_split_adjusted,
78310,ウイルコホールディングス,missing,shares_missing,shares_missing; div_split_adjusted,
19110,住友林業,missing,shares_missing,shares_missing; div_split_adjusted,
96250,セレスポ,missing,shares_missing,shares_missing; div_split_adjusted,
64000,不二精機,missing,shares_missing,shares_missing,
28180,ピエトロ,missing,shares_missing,shares_missing,
68670,リーダー電子,missing,shares_missing,shares_missing,
33580,ワイエスフード,missing,shares_missing,shares_missing; div_split_adjusted,
21300,メンバーズ,missing,shares_missing,shares_missing; div_split_adjusted,
36590,ネクソン,missing,shares_missing,shares_missing; div_split_adjusted,
47120,ＫｅｙＨｏｌｄｅｒ,missing,shares_missing,shares_missing; div_split_adjusted,
46150,神東塗料,missing,shares_missing,shares_missing,
71770,ＧＭＯフィナンシャルホールディングス,missing,shares_missing,shares_missing; div_split_adjusted,
79910,マミヤ・オーピー,missing,shares_missing,shares_missing; div_split_adjusted,
18880,若築建設,missing,shares_missing,shares_missing; div_split_adjusted,
98430,ニトリホールディングス,missing,shares_missing,shares_missing; div_split_adjusted,
78930,プロネクサス,missing,shares_missing,shares_missing; div_split_adjusted,
25935,伊藤園（優先株式）,missing,shares_missing,no_stmt_data,
96290,ピー・シー・エー,missing,shares_missing,shares_missing; div_split_adjusted,
21540,オープンアップグループ,missing,shares_missing,shares_missing; div_split_adjusted,
29270,ＡＦＣ−ＨＤアムスライフサイエンス,missing,shares_missing,shares_missing; div_split_adjusted,
25930,伊藤園,missing,shares_missing,shares_missing; div_split_adjusted,
57420,エヌアイシ・オートテック,missing,shares_missing,shares_missing; div_split_adjusted,
70380,フロンティア・マネジメント,missing,shares_missing,shares_missing; div_split_adjusted,
31600,大光,missing,shares_missing,shares_missing; div_split_adjusted,
52850,ヤマックス,missing,shares_missing,shares_missing; div_split_adjusted,
78360,アビックス,missing,shares_missing,shares_missing; div_history_short,
72110,三菱自動車工業,missing,shares_missing,shares_missing; div_split_adjusted,
29300,北の達人コーポレーション,missing,shares_missing,shares_missing; div_split_adjusted,
96280,燦ホールディングス,missing,shares_missing,shares_missing; div_split_adjusted,
36360,三菱総合研究所,missing,shares_missing,shares_missing,
64130,理想科学工業,missing,shares_missing,shares_missing; div_split_adjusted,
33960,フェリシモ,missing,shares_missing,shares_missing,
31610,アゼアス,missing,shares_missing,shares_missing,
14190,タマホーム,missing,shares_missing,shares_missing; fcf_payout_extreme:11.15,
99500,ハチバン,missing,shares_missing,shares_missing; div_split_adjusted,
49510,エステー,missing,shares_missing,shares_missing,
99030,カンセキ,missing,shares_missing,shares_missing; div_split_adjusted,
49980,フマキラー,missing,shares_missing,shares_missing; div_split_adjusted,
77400,タムロン,missing,shares_missing,shares_missing; div_split_adjusted,
31390,ラクト・ジャパン,missing,shares_missing,shares_missing; div_split_adjusted; fcf_payout_extreme:19.90; yield_total_fallback_dps,0.03455497382198953
30680,ＷＤＩ,missing,shares_missing,shares_missing,
28770,日東ベスト,missing,shares_missing,shares_missing,
22040,中村屋,missing,shares_missing,shares_missing; div_split_adjusted; yield_total_fallback_dps,0.02108433734939759
90060,京浜急行電鉄,missing,shares_missing,shares_missing; div_split_adjusted,
61510,日東工器,missing,shares_missing,shares_missing; yield_total_fallback_dps,0.02073365231259968
65940,ニデック,missing,shares_missing,shares_missing; div_split_adjusted,
81410,新光商事,missing,shares_missing,shares_missing; div_split_adjusted; yield_total_fallback_dps,0.01155268022181146
38510,日本一ソフトウェア,missing,shares_missing,shares_missing; div_split_adjusted,
67690,ザインエレクトロニクス,missing,shares_missing,shares_missing; div_split_adjusted,
59000,ダイケン,missing,shares_missing,shares_missing; yield_total_fallback_dps,0.024125452352231604
61470,ヤマザキ,missing,shares_missing,shares_missing,
36790,じげん,missing,shares_missing,shares_missing; div_split_adjusted; yield_total_fallback_dps,0.02359550561797753
49850,アース製薬,missing,shares_missing,shares_missing; yield_total_fallback_dps,0.024606299212598427
98950,コンセック,missing,shares_missing,shares_missing; div_split_adjusted,
31920,白鳩,missing,shares_missing,shares_missing; div_history_short,
62920,カワタ,missing,shares_missing,shares_missing,
89040,ＡＶＡＮＴＩＡ,missing,shares_missing,shares_missing; div_split_adjusted,
74260,山大,missing,shares_missing,shares_missing; div_split_adjusted,
30930,トレジャー・ファクトリー,missing,shares_missing,shares_missing; div_split_adjusted; yield_total_fallback_dps,0.01791359325605901
32710,ＴＨＥグローバル社,missing,shares_missing,shares_missing; div_split_adjusted; yield_total_fallback_dps,0.040983606557377046
37710,システムリサーチ,missing,shares_missing,shares_missing; div_split_adjusted; yield_total_fallback_dps,0.031965903036760786
60820,ライドオンエクスプレスホールディングス,missing,shares_missing,shares_missing; div_split_adjusted,
43730,シンプレクス・ホールディングス,missing,shares_missing,shares_missing; div_split_adjusted; div_history_short,
29080,フジッコ,missing,shares_missing,shares_missing; div_split_adjusted,
77520,リコー,missing,shares_missing,shares_missing,
88360,ＲＩＳＥ,missing,shares_missing,shares_missing; div_history_short,
21930,クックパッド,missing,shares_missing,shares_missing; div_split_adjusted,
75960,魚力,missing,shares_missing,shares_missing,
29910,ランドネット,missing,shares_missing,shares_missing; div_split_adjusted; yield_total_fallback_dps; div_history_short,0.02371987951807229
23730,ケア２１,missing,shares_missing,shares_missing; div_split_adjusted,
34900,アズ企画設計,missing,shares_missing,shares_missing; div_history_short,
47540,トスネット,missing,shares_missing,shares_missing; yield_total_fallback_dps,0.024057217165149546
98280,Ｇｅｎｋｉ　Ｇｌｏｂａｌ　Ｄｉｎｉｎｇ　Ｃｏｎｃｅｐｔｓ,missing,shares_missing,shares_missing; div_split_adjusted; yield_total_fallback_dps,0.023255813953488372
82030,ＭｒＭａｘＨＤ,missing,shares_missing,shares_missing; yield_total_fallback_dps,0.03391959798994975
21690,ＣＤＳ,missing,shares_missing,shares_missing; div_split_adjusted,
13790,ホクト,missing,shares_missing,shares_missing; div_split_adjusted; yield_total_fallback_dps,0.02584493041749503
99020,日伝,missing,shares_missing,shares_missing; div_split_adjusted; yield_total_fallback_dps,0.029296875
28830,大冷,missing,shares_missing,shares_missing,
24320,ディー・エヌ・エー,missing,shares_missing,shares_missing; div_split_adjusted,
74940,コナカ,missing,shares_missing,shares_missing; div_split_adjusted,
65130,オリジン,missing,shares_missing,shares_missing; div_split_adjusted; yield_total_fallback_dps,0.0315884476534296
74140,小野建,missing,shares_missing,shares_missing,
90240,西武ホールディングス,missing,shares_missing,shares_missing; yield_total_fallback_dps,0.008620689655172414
96440,タナベコンサルティンググループ,missing,shares_missing,shares_missing; div_split_adjusted,
99360,王将フードサービス,missing,shares_missing,shares_missing; div_split_adjusted,
34690,デュアルタップ,missing,shares_missing,shares_missing; div_split_adjusted,
60350,アイ・アールジャパンホールディングス,missing,shares_missing,shares_missing; div_split_adjusted; yield_total_fallback_dps,0.02442002442002442
40710,プラスアルファ・コンサルティング,missing,shares_missing,shares_missing; div_history_short,
52710,トーヨーアサノ,missing,shares_missing,shares_missing; div_history_short; yield_total_fallback_dps,0.03538717735220649
22110,不二家,missing,shares_missing,shares_missing; div_split_adjusted,
79650,象印マホービン,missing,shares_missing,shares_missing; div_split_adjusted,
35360,アクサスホールディングス,missing,shares_missing,shares_missing,
36900,イルグルム,missing,shares_missing,shares_missing; div_split_adjusted; yield_total_fallback_dps,0.01369150779896014
85950,ジャフコ　グループ,missing,shares_missing,shares_missing; div_split_adjusted,
45440,Ｈ．Ｕ．グループホールディングス,missing,shares_missing,shares_missing,
89290,青山財産ネットワークス,missing,shares_missing,shares_missing; div_split_adjusted,
68450,アズビル,missing,shares_missing,shares_missing; div_split_adjusted,
39680,セグエグループ,missing,shares_missing,shares_missing; div_split_adjusted,
91730,東海汽船,missing,shares_missing,shares_missing; div_split_adjusted,
66590,メディアリンクス,missing,shares_missing,shares_missing; div_history_short,
34570,Ａｎｄ　Ｄｏホールディングス,missing,shares_missing,shares_missing; div_split_adjusted,
96580,ビジネスブレイン太田昭和,missing,shares_missing,shares_missing; div_split_adjusted; yield_total_fallback_dps,0.0432520325203252
38020,エコミック,missing,shares_missing,shares_missing; div_split_adjusted; yield_total_fallback_dps; div_history_short,0.026694045174537988
94345,ソフトバンク（優先株式）,missing,shares_missing,no_stmt_data; div_history_short,
23710,カカクコム,missing,shares_missing,shares_missing; div_split_adjusted,
95190,レノバ,missing,shares_missing,shares_missing; div_history_short,
50765,インフロニア・ホールディングス（優先株式）,missing,shares_missing,no_stmt_data; div_history_short,
47710,エフアンドエム,missing,shares_missing,shares_missing; div_split_adjusted,
75550,大田花き,missing,shares_missing,shares_missing,
37630,プロシップ,missing,shares_missing,shares_missing; div_split_adjusted; yield_total_fallback_dps,0.021476510067114093
26830,魚喜,missing,shares_missing,shares_missing; div_split_adjusted,
26700,エービーシー・マート,missing,shares_missing,shares_missing; div_split_adjusted,
76830,ダブルエー,missing,shares_missing,shares_missing; div_split_adjusted; div_history_short,
54010,日本製鉄,missing,shares_missing,shares_missing; div_split_adjusted,
41240,大阪油化工業,missing,shares_missing,shares_missing,
36760,デジタルハーツホールディングス,missing,shares_missing,shares_missing; div_split_adjusted,
96020,東宝,missing,shares_missing,shares_missing; div_split_adjusted; yield_total_fallback_dps,0.054313099041533544
47070,キタック,missing,shares_missing,shares_missing,
54460,北越メタル,missing,shares_missing,shares_missing; div_split_adjusted; yield_total_fallback_dps,0.03461538461538462
34610,パルマ,missing,shares_missing,shares_missing; div_split_adjusted; yield_total_fallback_dps,0.020257826887661142
43510,山田再生系債権回収総合事務所,missing,shares_missing,shares_missing,
24590,アウンコンサルティング,missing,shares_missing,shares_missing; div_split_adjusted; div_history_short,
33720,関門海,missing,shares_missing,shares_missing; div_history_short,
26930,ＹＫＴ,missing,shares_missing,shares_missing,
48490,エン,missing,shares_missing,shares_missing; div_split_adjusted,
63250,タカキタ,missing,shares_missing,shares_missing,
70590,コプロ・ホールディングス,missing,shares_missing,shares_missing; div_split_adjusted,
42930,セプテーニ・ホールディングス,missing,shares_missing,shares_missing; div_split_adjusted; yield_total_fallback_dps,0.04326923076923077
44390,東名,missing,shares_missing,shares_missing; div_split_adjusted; yield_total_fallback_dps,0.0183752417794971
13820,ホーブ,missing,shares_missing,shares_missing; div_split_adjusted,
97880,ナック,missing,shares_missing,shares_missing; div_split_adjusted,
54080,中山製鋼所,missing,shares_missing,shares_missing; div_split_adjusted; yield_total_fallback_dps,0.02050473186119874
91420,九州旅客鉄道,missing,shares_missing,shares_missing,
78500,総合商研,missing,shares_missing,shares_missing; yield_total_fallback_dps,0.033860045146726865
35980,山喜,missing,shares_missing,shares_missing,
62570,藤商事,missing,shares_missing,shares_missing; div_split_adjusted,
78970,ホクシン,missing,shares_missing,shares_missing,
81290,東邦ホールディングス,missing,shares_missing,shares_missing,
64240,高見沢サイバネティックス,missing,shares_missing,shares_missing; div_split_adjusted; yield_total_fallback_dps,0.021344717182497332
20030,日東富士製粉,missing,shares_missing,shares_missing; div_split_adjusted; yield_total_fallback_dps,0.0392156862745098
49350,リベルタ,missing,shares_missing,shares_missing; div_split_adjusted; yield_total_fallback_dps,0.005494505494505495
36730,ブロードリーフ,missing,shares_missing,shares_missing; div_split_adjusted; yield_total_fallback_dps,0.006963788300835654
78740,レック,missing,shares_missing,shares_missing; div_split_adjusted,
65600,エル・ティー・エス,missing,shares_missing,shares_missing; div_history_short,
75270,システムソフト,missing,shares_missing,shares_missing,
68970,ツインバード,missing,shares_missing,shares_missing,
48390,ＷＯＷＯＷ,missing,shares_missing,shares_missing; div_split_adjusted,
27880,アップルインターナショナル,missing,shares_missing,shares_missing; div_split_adjusted,
60370,楽待,missing,shares_missing,shares_missing; div_split_adjusted,
82810,ゼビオホールディングス,missing,shares_missing,shares_missing; div_split_adjusted; yield_total_fallback_dps,0.028966131907308377
31110,オーミケンシ,missing,shares_missing,shares_missing; div_split_adjusted,
43370,ぴあ,missing,shares_missing,shares_missing; yield_total_fallback_dps,0.006611570247933884
34940,マリオン,missing,shares_missing,shares_missing; div_split_adjusted; yield_total_fallback_dps,0.015625
33770,バイク王＆カンパニー,missing,shares_missing,shares_missing; div_split_adjusted,
36860,ディー・エル・イー,missing,shares_missing,shares_missing; div_history_short,
60880,シグマクシス・ホールディングス,missing,shares_missing,shares_missing; div_split_adjusted; yield_total_fallback_dps,0.04632152588555858
94040,日本テレビホールディングス,missing,shares_missing,shares_missing; div_split_adjusted,
98850,シャルレ,missing,shares_missing,shares_missing,
23250,ＮＪＳ,missing,shares_missing,shares_missing; div_split_adjusted,
78470,グラファイトデザイン,missing,shares_missing,shares_missing; div_split_adjusted,
31340,Ｈａｍｅｅ,missing,shares_missing,shares_missing; div_split_adjusted; fcf_payout_extreme:79.56,
23290,東北新社,missing,shares_missing,shares_missing; div_split_adjusted,
46680,明光ネットワークジャパン,missing,shares_missing,shares_missing,
41970,アスマーク,missing,shares_missing,shares_missing; div_history_short,
96050,東映,missing,shares_missing,shares_missing; div_split_adjusted,
64360,アマノ,missing,shares_missing,shares_missing; yield_total_fallback_dps,0.04269333983898512
60630,日本エマージェンシーアシスタンス,missing,shares_missing,shares_missing; div_split_adjusted,
58890,Ｊａｐａｎ　Ｅｙｅｗｅａｒ　Ｈｏｌｄｉｎｇｓ,missing,shares_missing,shares_missing; div_history_short,
75140,ヒマラヤ,missing,shares_missing,shares_missing,
35650,アセンテック,missing,shares_missing,shares_missing; div_split_adjusted; yield_total_fallback_dps,
92290,サンウェルズ,missing,shares_missing,shares_missing; div_split_adjusted; div_history_short,
29260,篠崎屋,missing,shares_missing,shares_missing; div_split_adjusted; div_history_short,
90090,京成電鉄,missing,shares_missing,shares_missing; div_split_adjusted; yield_total_fallback_dps,0.01327433628318584
39330,チエル,missing,shares_missing,shares_missing; div_split_adjusted,
75900,タカショー,missing,shares_missing,shares_missing; yield_total_fallback_dps,0.012285012285012284
64060,フジテック,missing,shares_missing,shares_missing; yield_total_fallback_dps,
22660,六甲バター,missing,shares_missing,shares_missing,
78510,カワセコンピュータサプライ,missing,shares_missing,shares_missing; yield_total_fallback_dps,0.02040816326530612
22910,福留ハム,missing,shares_missing,shares_missing; div_split_adjusted,
88710,ゴールドクレスト,missing,shares_missing,shares_missing; div_split_adjusted,
47600,アルファ,missing,shares_missing,shares_missing; div_split_adjusted; yield_total_fallback_dps,0.0375
82170,オークワ,missing,shares_missing,shares_missing,
60500,イー・ガーディアン,missing,shares_missing,shares_missing; div_split_adjusted,
43980,ブロードバンドセキュリティ,missing,shares_missing,shares_missing,
71960,Ｃａｓａ,missing,shares_missing,shares_missing; div_split_adjusted,
87460,ｕｎｂａｎｋｅｄ,missing,shares_missing,shares_missing; div_split_adjusted; yield_total_fallback_dps,
43230,日本システム技術,missing,shares_missing,shares_missing; div_split_adjusted; yield_total_fallback_dps,0.01675442795595979
62280,ジェイ・イー・ティ,missing,shares_missing,shares_missing; div_split_adjusted; div_history_short; yield_total_fallback_dps,
81850,チヨダ,missing,shares_missing,shares_missing,
24840,出前館,missing,shares_missing,shares_missing; div_split_adjusted,
90640,ヤマトホールディングス,missing,shares_missing,shares_missing,
73470,マーキュリアホールディングス,missing,shares_missing,shares_missing; div_history_short,
94380,エムティーアイ,missing,shares_missing,shares_missing; div_split_adjusted,
43340,ユークス,missing,shares_missing,shares_missing; div_split_adjusted; yield_total_fallback_dps,0.02512562814070352
28820,イートアンドホールディングス,missing,shares_missing,shares_missing; div_split_adjusted; yield_total_fallback_dps,0.007792860734037205
43960,システムサポートホールディングス,missing,shares_missing,shares_missing; div_split_adjusted; yield_total_fallback_dps,0.03766333589546503
34960,アズーム,missing,shares_missing,shares_missing; div_split_adjusted; yield_total_fallback_dps; div_history_short,0.02666666666666667
71620,アストマックス,missing,shares_missing,shares_missing; div_split_adjusted,
31690,ミサワ,missing,shares_missing,shares_missing; div_split_adjusted,
36600,アイスタイル,missing,shares_missing,shares_missing; div_split_adjusted; div_history_short,
43880,エーアイ,missing,shares_missing,shares_missing; div_history_short,
37980,ＵＬＳグループ,missing,shares_missing,shares_missing; div_split_adjusted; yield_total_fallback_dps,0.012724014336917562
98120,テーオーホールディングス,missing,shares_missing,shares_missing,
48200,イーエムシステムズ,missing,shares_missing,shares_missing; div_split_adjusted; yield_total_fallback_dps,0.0546218487394958
47360,日本ラッド,missing,shares_missing,shares_missing,
49960,クミアイ化学工業,missing,shares_missing,shares_missing; yield_total_fallback_dps,0.02997275204359673
67720,東京コスモス電機,missing,shares_missing,shares_missing; div_split_adjusted,
82020,ラオックスホールディングス,missing,shares_missing,shares_missing; div_split_adjusted; div_history_short,
47660,ピーエイ,missing,shares_missing,shares_missing; yield_total_fallback_dps,0.017872340425531916
32450,ディア・ライフ,missing,shares_missing,shares_missing; div_split_adjusted; yield_total_fallback_dps,0.05580159433126661
68360,ぷらっとホーム,missing,shares_missing,shares_missing; div_history_short,
79830,ミロク,missing,shares_missing,shares_missing; div_split_adjusted; yield_total_fallback_dps,0.010282776349614395
61910,エアトリ,missing,shares_missing,shares_missing; div_split_adjusted,
60290,アトラグループ,missing,shares_missing,shares_missing; div_split_adjusted,
23070,クロスキャット,missing,shares_missing,shares_missing; div_split_adjusted; yield_total_fallback_dps,0.03051181102362205
25330,オエノンホールディングス,missing,shares_missing,shares_missing,
47760,サイボウズ,missing,shares_missing,shares_missing; div_split_adjusted,
74760,アズワン,missing,shares_missing,shares_missing; div_split_adjusted,
76860,ひとまいる,missing,shares_missing,shares_missing; div_split_adjusted,
38230,ＴＨＥ　ＷＨＹ　ＨＯＷ　ＤＯ　ＣＯＭＰＡＮＹ,missing,shares_missing,shares_missing; div_history_short,
27670,円谷フィールズホールディングス,missing,shares_missing,shares_missing; div_split_adjusted,
48130,ＡＣＣＥＳＳ,missing,shares_missing,shares_missing; div_split_adjusted; div_history_short,
91450,ビーイングホールディングス,missing,shares_missing,shares_missing; div_split_adjusted; yield_total_fallback_dps,0.05317769130998703
70350,ａｎｄ　ｆａｃｔｏｒｙ,missing,shares_missing,shares_missing; div_history_short,
36620,エイチームホールディングス,missing,shares_missing,shares_missing; div_split_adjusted,
81110,ゴールドウイン,missing,shares_missing,shares_missing; div_split_adjusted,
96010,松竹,missing,shares_missing,shares_missing; div_split_adjusted,
36630,セルシス,missing,shares_missing,shares_missing; div_split_adjusted; yield_total_fallback_dps,0.016320474777448073
78090,壽屋,missing,shares_missing,shares_missing; div_split_adjusted,
58910,魁力屋,missing,shares_missing,shares_missing; div_history_short,
71050,三菱ロジスネクスト,missing,shares_missing,shares_missing; yield_total_fallback_dps,
48450,スカラ,missing,shares_missing,shares_missing; div_split_adjusted; yield_total_fallback_dps,0.044715447154471545
24350,シダー,missing,shares_missing,shares_missing; div_split_adjusted; yield_total_fallback_dps,0.04672897196261682
99410,太洋物産,missing,shares_missing,shares_missing; div_history_short,
39220,ＰＲ　ＴＩＭＥＳ,missing,shares_missing,shares_missing; div_split_adjusted; div_history_short; yield_total_fallback_dps,0.004297037964121819
22160,カンロ,missing,shares_missing,shares_missing; div_split_adjusted,
76110,ハイデイ日高,missing,shares_missing,shares_missing; div_split_adjusted; yield_total_fallback_dps,0.014626391096979332
43310,テイクアンドギヴ・ニーズ,missing,shares_missing,shares_missing; div_split_adjusted; yield_total_fallback_dps,0.053475935828877004
17730,ワイ・ティー・エル・コーポレーション・バーハッド,missing,shares_missing,no_stmt_data; div_split_adjusted,
26870,シー・ヴイ・エス・ベイエリア,missing,shares_missing,shares_missing; div_split_adjusted,
23260,デジタルアーツ,missing,shares_missing,shares_missing; div_split_adjusted,
49360,アクシージア,missing,shares_missing,shares_missing; div_history_short,
96030,エイチ・アイ・エス,missing,shares_missing,shares_missing; div_split_adjusted,
31800,ビューティガレージ,missing,shares_missing,shares_missing; div_split_adjusted; yield_total_fallback_dps,0.011061946902654867
78370,アールシーコア,missing,shares_missing,shares_missing; div_split_adjusted,
88940,ＲＥＶＯＬＵＴＩＯＮ,missing,shares_missing,shares_missing; div_history_short,
99320,杉本商事,missing,shares_missing,shares_missing; div_split_adjusted,
43460,ＮＥＸＹＺ．Ｇｒｏｕｐ,missing,shares_missing,shares_missing; div_split_adjusted,
78320,バンダイナムコホールディングス,missing,shares_missing,shares_missing; div_split_adjusted; yield_total_fallback_dps,0.016729500471253534
59670,ＴＯＮＥ,missing,shares_missing,shares_missing; div_split_adjusted; yield_total_fallback_dps,0.02139874739039666
70340,プロレド・パートナーズ,missing,shares_missing,shares_missing; div_history_short,
74220,東邦レマック,missing,shares_missing,shares_missing; div_split_adjusted,
41740,アピリッツ,missing,shares_missing,shares_missing; div_split_adjusted; div_history_short,
94170,スマートバリュー,missing,shares_missing,shares_missing; div_split_adjusted,
39230,ラクス,missing,shares_missing,shares_missing; div_split_adjusted; yield_total_fallback_dps,0.0051558204204139105
77820,シンシア,missing,shares_missing,shares_missing; div_split_adjusted; yield_total_fallback_dps,0.03361344537815126
78650,ピープル,missing,shares_missing,shares_missing; yield_total_fallback_dps,
64170,ＳＡＮＫＹＯ,missing,shares_missing,shares_missing; div_split_adjusted; yield_total_fallback_dps,0.045351473922902494
92130,セイファート,missing,shares_missing,shares_missing; div_history_short,
66190,ダブル・スコープ,missing,shares_missing,shares_missing; div_split_adjusted; div_history_short,
36960,セレス,missing,shares_missing,shares_missing; div_split_adjusted,
46870,ＴＤＣソフト,missing,shares_missing,shares_missing; div_split_adjusted; yield_total_fallback_dps,0.024150268336314847
45870,ペプチドリーム,missing,shares_missing,shares_missing; div_history_short,
48120,電通総研,missing,shares_missing,shares_missing; div_split_adjusted,
48160,東映アニメーション,missing,shares_missing,shares_missing; div_split_adjusted,
31740,ハピネス・アンド・ディ,missing,shares_missing,shares_missing; div_split_adjusted,
38250,リミックスポイント,missing,shares_missing,shares_missing; div_split_adjusted; div_history_short,
95640,ＦＣＥ,missing,shares_missing,shares_missing; div_history_short; yield_total_fallback_dps,0.013282732447817837
76030,ジーイエット,missing,shares_missing,shares_missing,
65720,オープングループ,missing,shares_missing,shares_missing; div_split_adjusted; div_history_short,
48800,セルソース,missing,shares_missing,shares_missing; div_split_adjusted; div_history_short,
97040,アゴーラ　ホスピタリティー　グループ,missing,shares_missing,shares_missing; div_history_short,
81650,千趣会,missing,shares_missing,shares_missing,
87980,アドバンスクリエイト,missing,shares_missing,shares_missing; div_split_adjusted,
27000,木徳神糧,missing,shares_missing,shares_missing; div_split_adjusted; yield_total_fallback_dps,0.06871278057718735
29010,ウェルディッシュ,missing,shares_missing,shares_missing; div_history_short; yield_total_fallback_dps,0.002421307506053269
55350,ミガロホールディングス,missing,shares_missing,shares_missing; div_history_short; yield_total_fallback_dps,0.06388206388206388
29290,ファーマフーズ,missing,shares_missing,shares_missing; div_split_adjusted,
24400,ぐるなび,missing,shares_missing,shares_missing; div_split_adjusted,
71110,ＩＮＥＳＴ,missing,shares_missing,shares_missing; div_history_short,
94250,ＲｅＹｕｕ　Ｊａｐａｎ,missing,shares_missing,shares_missing; div_history_short,
78150,東京ボード工業,missing,shares_missing,shares_missing; div_history_short,
39940,マネーフォワード,missing,shares_missing,shares_missing; div_history_short,
47160,日本オラクル,missing,shares_missing,shares_missing; yield_total_fallback_dps,0.020144189991518235
31350,マーケットエンタープライズ,missing,shares_missing,shares_missing; div_history_short,
33500,メタプラネット,missing,shares_missing,shares_missing; div_history_short,
24910,バリューコマース,missing,shares_missing,shares_missing; div_split_adjusted; yield_total_fallback_dps,0.1210762331838565
23380,クオンタムソリューションズ,missing,shares_missing,shares_missing; div_history_short,
21340,北浜キャピタルパートナーズ,missing,shares_missing,shares_missing; div_history_short,
23230,ｆｏｎｆｕｎ,missing,shares_missing,shares_missing; div_history_short,
26560,ベクターホールディングス,missing,shares_missing,shares_missing; div_split_adjusted; div_history_short,
26670,イメージ　ワン,missing,shares_missing,shares_missing; div_history_short,
29310,ユーグレナ,missing,shares_missing,shares_missing; div_split_adjusted; div_history_short,
30100,ポラリス・ホールディングス,missing,shares_missing,shares_missing; div_history_short,
31820,オイシックス・ラ・大地,missing,shares_missing,shares_missing; div_split_adjusted; div_history_short,
35210,テルマー湯ホールディングス,missing,shares_missing,shares_missing; div_history_short,
36560,ＫＬａｂ,missing,shares_missing,shares_missing; div_split_adjusted; div_history_short,
37190,ＡＩストーム,missing,shares_missing,shares_missing; div_split_adjusted; div_history_short,
44130,ボードルア,missing,shares_missing,shares_missing; div_split_adjusted; div_history_short; yield_total_fallback_dps,0.004021220159151194
48750,メディシノバ・インク,missing,shares_missing,no_stmt_data; div_history_short,
57210,エス・サイエンス,missing,shares_missing,shares_missing; div_split_adjusted; div_history_short,
60470,Ｇｕｎｏｓｙ,missing,shares_missing,shares_missing; div_history_short; yield_total_fallback_dps,0.031443298969072164
61760,ブランジスタ,missing,shares_missing,shares_missing; div_history_short; yield_total_fallback_dps,0.0129366106080207
93990,ビート・ホールディングス・リミテッド（貝徳控股有限公司）,missing,shares_missing,no_stmt_data; div_history_short,
94346,ソフトバンク（優先株式）,missing,shares_missing,no_stmt_data; div_history_short,
